"# BLOCKER B2 -- element burden annotation. Fill `burden_on`, `burden_standard`,"
"# `burden_shifts_when`, `authority` (the provision or case you rely on), and `annotator`."
#
# burden_on:        claimant | respondent | authority
# burden_standard:  prima_facie | balance_of_probabilities | statutory_presumption |
#                   clear_proof_required | unknown
"# burden_shifts_when: the TRIGGERING fact or event, not the consequence."
"#                     e.g. 'registered deed produced', not 'defendant must then prove fraud'"
#
# Leave a row blank rather than guessing. A blank is a known gap; a wrong value becomes an
# `E` feature in the outcome model and nothing downstream questions it.
#
"# `ontology_note_default` is what the source ontology states for the whole claim, where it"
"# states anything. It is the document's own guidance, not a model's draft."
""
claim_id,claim,claim_cases_in_corpus,element_id,element,element_definition,claim_issue,ontology_note_default,ontology_note_shifts_when,burden_on,burden_standard,burden_shifts_when,authority,annotator,confidence_0_to_1
claim_02,Possession / Injunction / Dispossession,1218,claim_02_e01,Possessory Right,"actual, constructive, lawful, settled, or protected possession.","Is the claimant entitled to protection or restoration of possession, or restraint against interference, eviction, demolition, construction, transfer, or dispossession?",,,,,,,,
claim_02,Possession / Injunction / Dispossession,1218,claim_02_e02,Interference,"threat, dispossession, demolition, obstruction, encroachment, eviction, construction, transfer, or denial of access.","Is the claimant entitled to protection or restoration of possession, or restraint against interference, eviction, demolition, construction, transfer, or dispossession?",,,,,,,,
claim_02,Possession / Injunction / Dispossession,1218,claim_02_e03,Illegality / Lack of Due Process,"absence of notice, authority, hearing, statutory compliance, or lawful procedure.","Is the claimant entitled to protection or restoration of possession, or restraint against interference, eviction, demolition, construction, transfer, or dispossession?",,,,,,,,
claim_02,Possession / Injunction / Dispossession,1218,claim_02_e04,Harm,"loss of shelter, possession, access, use, enjoyment, livelihood, or property value.","Is the claimant entitled to protection or restoration of possession, or restraint against interference, eviction, demolition, construction, transfer, or dispossession?",,,,,,,,
claim_08,Adverse Possession / Limitation / Long Possession,1218,claim_08_e01,Possession,"actual, open, continuous, exclusive, and identifiable possession.","Has long, open, continuous, hostile, and exclusive possession matured into a legally enforceable right, or is the property claim barred by limitation, delay, or laches?",,,,,,,,
claim_08,Adverse Possession / Limitation / Long Possession,1218,claim_08_e02,Hostility / Adverseness,"possession adverse to true owner, not permissive or derivative.","Has long, open, continuous, hostile, and exclusive possession matured into a legally enforceable right, or is the property claim barred by limitation, delay, or laches?",,,,,,,,
claim_08,Adverse Possession / Limitation / Long Possession,1218,claim_08_e03,Continuity / Limitation Period,statutory period satisfied or disputed.,"Has long, open, continuous, hostile, and exclusive possession matured into a legally enforceable right, or is the property claim barred by limitation, delay, or laches?",,,,,,,,
claim_08,Adverse Possession / Limitation / Long Possession,1218,claim_08_e04,Knowledge / Ouster,owner knew or should have known of adverse claim.,"Has long, open, continuous, hostile, and exclusive possession matured into a legally enforceable right, or is the property claim barred by limitation, delay, or laches?",,,,,,,,
claim_01,Title / Ownership / Declaratory Rights,1182,claim_01_e01,Right / Interest,legally recognized property interest.,"Does the claimant hold a valid title, ownership interest, leasehold interest, allotment right, possessory right, development right, or other legally protected property interest in the subject property?",,,,,,,,
claim_01,Title / Ownership / Declaratory Rights,1182,claim_01_e02,Source,valid legal source of right.,"Does the claimant hold a valid title, ownership interest, leasehold interest, allotment right, possessory right, development right, or other legally protected property interest in the subject property?",,,,,,,,
claim_01,Title / Ownership / Declaratory Rights,1182,claim_01_e03,Breach / Cloud,"competing claim, denial, cancellation, mutation dispute, encumbrance, or adverse action.","Does the claimant hold a valid title, ownership interest, leasehold interest, allotment right, possessory right, development right, or other legally protected property interest in the subject property?",,,,,,,,
claim_01,Title / Ownership / Declaratory Rights,1182,claim_01_e04,Harm,"loss, impairment, uncertainty, or threatened deprivation.","Does the claimant hold a valid title, ownership interest, leasehold interest, allotment right, possessory right, development right, or other legally protected property interest in the subject property?",,,,,,,,
claim_11,Cancellation of Deed / Instrument,233,claim_11_e01,Execution of Document,,"Is the registered sale deed, gift deed, will, conveyance, or other instrument void or voidable due to fraud, coercion, impersonation, want of authority, or lack of capacity?",claimant,"fiduciary relationship, suspicious circumstances, or admitted custody/control is established",,,,,,
claim_11,Cancellation of Deed / Instrument,233,claim_11_e02,Vitiating Factor,"fraud, coercion, impersonation, incapacity, absence of authority, or forgery.","Is the registered sale deed, gift deed, will, conveyance, or other instrument void or voidable due to fraud, coercion, impersonation, want of authority, or lack of capacity?",claimant,"fiduciary relationship, suspicious circumstances, or admitted custody/control is established",,,,,,
claim_11,Cancellation of Deed / Instrument,233,claim_11_e03,Injury or Cloud on Claimant Right,,"Is the registered sale deed, gift deed, will, conveyance, or other instrument void or voidable due to fraud, coercion, impersonation, want of authority, or lack of capacity?",claimant,"fiduciary relationship, suspicious circumstances, or admitted custody/control is established",,,,,,
claim_11,Cancellation of Deed / Instrument,233,claim_11_e04,Limitation and knowledge of instrument,,"Is the registered sale deed, gift deed, will, conveyance, or other instrument void or voidable due to fraud, coercion, impersonation, want of authority, or lack of capacity?",claimant,"fiduciary relationship, suspicious circumstances, or admitted custody/control is established",,,,,,
claim_09,Partition / Joint Family Property,170,claim_09_e01,Co-ownership / Joint Status,,Is the claimant entitled to a specific share and separate possession of joint family or co-owned property?,claimant,"joint nucleus, title chain, or co-ownership is prima facie shown",,,,,,
claim_09,Partition / Joint Family Property,170,claim_09_e02,Quantifiable Share,,Is the claimant entitled to a specific share and separate possession of joint family or co-owned property?,claimant,"joint nucleus, title chain, or co-ownership is prima facie shown",,,,,,
claim_09,Partition / Joint Family Property,170,claim_09_e03,Demand and Refusal,,Is the claimant entitled to a specific share and separate possession of joint family or co-owned property?,claimant,"joint nucleus, title chain, or co-ownership is prima facie shown",,,,,,
claim_09,Partition / Joint Family Property,170,claim_09_e04,Metes-and-Bounds Feasibility,,Is the claimant entitled to a specific share and separate possession of joint family or co-owned property?,claimant,"joint nucleus, title chain, or co-ownership is prima facie shown",,,,,,
claim_13,Succession / Testamentary / Inheritance,88,claim_13_e01,Death of Owner,,"Who is the rightful legal heir or legatee entitled to mutate, inherit, administer, or possess the property?",propounder of will for testamentary claim,,,,,,,
claim_13,Succession / Testamentary / Inheritance,88,claim_13_e02,Valid Will or Rules of Intestacy,,"Who is the rightful legal heir or legatee entitled to mutate, inherit, administer, or possess the property?",propounder of will for testamentary claim,,,,,,,
claim_13,Succession / Testamentary / Inheritance,88,claim_13_e03,Personal Law Applicability,,"Who is the rightful legal heir or legatee entitled to mutate, inherit, administer, or possess the property?",propounder of will for testamentary claim,,,,,,,
claim_13,Succession / Testamentary / Inheritance,88,claim_13_e04,Heirship / Legatee Status,,"Who is the rightful legal heir or legatee entitled to mutate, inherit, administer, or possess the property?",propounder of will for testamentary claim,,,,,,,
claim_13,Succession / Testamentary / Inheritance,88,claim_13_e05,Mutation or Possession Consequence,,"Who is the rightful legal heir or legatee entitled to mutate, inherit, administer, or possess the property?",propounder of will for testamentary claim,,,,,,,
claim_03,Lease / Tenancy / Allotment Rights,12,claim_03_e01,Tenure Right,"leasehold, sub-lease, tenancy, license, allotment, or occupancy right.","Did the respondent unlawfully impair, terminate, override, or deny lease, tenancy, sub-lease, allotment, occupancy, renewal, NOC, development, or enjoyment rights?",,,,,,,,
claim_03,Lease / Tenancy / Allotment Rights,12,claim_03_e02,Obligation,"duty under lease, statute, allotment terms, rent law, housing law, or authority regulations.","Did the respondent unlawfully impair, terminate, override, or deny lease, tenancy, sub-lease, allotment, occupancy, renewal, NOC, development, or enjoyment rights?",,,,,,,,
claim_03,Lease / Tenancy / Allotment Rights,12,claim_03_e03,Breach,"unlawful termination, non-renewal, refusal of NOC, rent/premium dispute, redevelopment override, or denial of enjoyment.","Did the respondent unlawfully impair, terminate, override, or deny lease, tenancy, sub-lease, allotment, occupancy, renewal, NOC, development, or enjoyment rights?",,,,,,,,
claim_03,Lease / Tenancy / Allotment Rights,12,claim_03_e04,Harm,"loss of possession, use, renewal, development benefit, rehabilitation entitlement, FSI/TDR entitlement, or compensation.","Did the respondent unlawfully impair, terminate, override, or deny lease, tenancy, sub-lease, allotment, occupancy, renewal, NOC, development, or enjoyment rights?",,,,,,,,
claim_04,Redevelopment / Planning / Development Rights,11,claim_04_e01,Authority,"statutory, contractual, ownership, planning, society, or public-authority power.","Is the challenged redevelopment, planning, tender, developer appointment, consent process, cluster inclusion, or rehabilitation scheme lawful and binding on affected property holders or occupants?",,,,,,,,
claim_04,Redevelopment / Planning / Development Rights,11,claim_04_e02,Compliance,"development regulations, planning law, consent requirements, tender process, rehabilitation standards, and due process.","Is the challenged redevelopment, planning, tender, developer appointment, consent process, cluster inclusion, or rehabilitation scheme lawful and binding on affected property holders or occupants?",,,,,,,,
claim_04,Redevelopment / Planning / Development Rights,11,claim_04_e03,Breach / Illegality,"lack of consent, lack of authority, arbitrary inclusion/exclusion, defective tender, non-compliance, discrimination, ultra vires action, or unfair terms.","Is the challenged redevelopment, planning, tender, developer appointment, consent process, cluster inclusion, or rehabilitation scheme lawful and binding on affected property holders or occupants?",,,,,,,,
claim_04,Redevelopment / Planning / Development Rights,11,claim_04_e04,Harm,"loss of self-redevelopment right, displacement, inadequate rehabilitation, reduced area, loss of FSI/TDR, delay, or deprivation.","Is the challenged redevelopment, planning, tender, developer appointment, consent process, cluster inclusion, or rehabilitation scheme lawful and binding on affected property holders or occupants?",,,,,,,,
claim_14,Benami Transactions,10,claim_14_e01,Fictitious or Nominal Ownership,,"Was the property purchased in the name of a benamidar while consideration flowed from the alleged real owner, subject to statutory prohibition or exception?",party alleging benami,statutory exception or suspicious fund flow is established,,,,,,
claim_14,Benami Transactions,10,claim_14_e02,Source of Consideration,,"Was the property purchased in the name of a benamidar while consideration flowed from the alleged real owner, subject to statutory prohibition or exception?",party alleging benami,statutory exception or suspicious fund flow is established,,,,,,
claim_14,Benami Transactions,10,claim_14_e03,Intention to Benefit Real Owner,,"Was the property purchased in the name of a benamidar while consideration flowed from the alleged real owner, subject to statutory prohibition or exception?",party alleging benami,statutory exception or suspicious fund flow is established,,,,,,
claim_14,Benami Transactions,10,claim_14_e04,Possession / Control / Custody of Documents,,"Was the property purchased in the name of a benamidar while consideration flowed from the alleged real owner, subject to statutory prohibition or exception?",party alleging benami,statutory exception or suspicious fund flow is established,,,,,,
claim_14,Benami Transactions,10,claim_14_e05,"Statutory Exception, if invoked",,"Was the property purchased in the name of a benamidar while consideration flowed from the alleged real owner, subject to statutory prohibition or exception?",party alleging benami,statutory exception or suspicious fund flow is established,,,,,,
claim_15,Land Acquisition / Expropriation,5,claim_15_e01,Public Purpose,,"Was the acquisition of private land legally valid, and was fair compensation awarded?",,,,,,,,
claim_15,Land Acquisition / Expropriation,5,claim_15_e02,Statutory Notification,,"Was the acquisition of private land legally valid, and was fair compensation awarded?",,,,,,,,
claim_15,Land Acquisition / Expropriation,5,claim_15_e03,Due Process / Hearing,,"Was the acquisition of private land legally valid, and was fair compensation awarded?",,,,,,,,
claim_15,Land Acquisition / Expropriation,5,claim_15_e04,Possession Taking,,"Was the acquisition of private land legally valid, and was fair compensation awarded?",,,,,,,,
claim_15,Land Acquisition / Expropriation,5,claim_15_e05,Adequacy of Compensation,,"Was the acquisition of private land legally valid, and was fair compensation awarded?",,,,,,,,
claim_15,Land Acquisition / Expropriation,5,claim_15_e06,Limitation and challenge timing,,"Was the acquisition of private land legally valid, and was fair compensation awarded?",,,,,,,,
claim_05,Government Action / Constitutional Property Deprivation,1,claim_05_e01,State Action,"GR, acquisition, reservation, demolition, redevelopment, cancellation, refusal, mutation decision, tender, or regulatory restriction.","Did a State, statutory authority, municipal body, revenue authority, or public agency deprive, restrict, dilute, or override property rights without authority of law, due process, equality, or fair compensation?",,,,,,,,
claim_05,Government Action / Constitutional Property Deprivation,1,claim_05_e02,Legal Authority,"statutory power, delegated power, planning power, revenue power, acquisition power, or executive policy.","Did a State, statutory authority, municipal body, revenue authority, or public agency deprive, restrict, dilute, or override property rights without authority of law, due process, equality, or fair compensation?",,,,,,,,
claim_05,Government Action / Constitutional Property Deprivation,1,claim_05_e03,Illegality,"ultra vires action, arbitrariness, discrimination, lack of notice, natural justice violation, lack of compensation, or absence of authority of law.","Did a State, statutory authority, municipal body, revenue authority, or public agency deprive, restrict, dilute, or override property rights without authority of law, due process, equality, or fair compensation?",,,,,,,,
claim_05,Government Action / Constitutional Property Deprivation,1,claim_05_e04,Harm,"deprivation, restriction, loss of use, loss of development potential, displacement, compulsory association, or denial of benefit.","Did a State, statutory authority, municipal body, revenue authority, or public agency deprive, restrict, dilute, or override property rights without authority of law, due process, equality, or fair compensation?",,,,,,,,
claim_06,Ultra Vires Executive Action / Statutory Override,0,claim_06_e01,Power Source,"Parent Act, delegated regulation, executive power, planning regulation, government policy, or authority circular.","Did the State or public authority exceed executive, delegated, statutory, planning, or regulatory power by issuing directions that override binding law, statutory procedure, consent thresholds, or vested property rights?",,,,,,,,
claim_06,Ultra Vires Executive Action / Statutory Override,0,claim_06_e02,Legal Limit,"statutory procedure, consent requirement, hearing requirement, compensation requirement, regulatory hierarchy, or constitutional safeguard.","Did the State or public authority exceed executive, delegated, statutory, planning, or regulatory power by issuing directions that override binding law, statutory procedure, consent thresholds, or vested property rights?",,,,,,,,
claim_06,Ultra Vires Executive Action / Statutory Override,0,claim_06_e03,Breach,"executive instruction, GR, tender condition, policy direction, or order conflicts with statute or exceeds delegated power.","Did the State or public authority exceed executive, delegated, statutory, planning, or regulatory power by issuing directions that override binding law, statutory procedure, consent thresholds, or vested property rights?",,,,,,,,
claim_06,Ultra Vires Executive Action / Statutory Override,0,claim_06_e04,Harm,"loss of statutory protection, forced inclusion, arbitrary exclusion, reduced entitlement, procedural bypass, or unlawful burden.","Did the State or public authority exceed executive, delegated, statutory, planning, or regulatory power by issuing directions that override binding law, statutory procedure, consent thresholds, or vested property rights?",,,,,,,,
claim_07,Co-operative Society / Associational Autonomy,0,claim_07_e01,Associational Right,"society identity, member governance, consent right, general body control, or statutory autonomy.","Does the challenged action force a society, group, association, or member body into redevelopment, amalgamation, cluster treatment, or governance change without required consent, statutory process, or associational autonomy protection?",,,,,,,,
claim_07,Co-operative Society / Associational Autonomy,0,claim_07_e02,Procedure,"required resolution, majority threshold, notice, general body process, registrar approval, or statutory amalgamation process.","Does the challenged action force a society, group, association, or member body into redevelopment, amalgamation, cluster treatment, or governance change without required consent, statutory process, or associational autonomy protection?",,,,,,,,
claim_07,Co-operative Society / Associational Autonomy,0,claim_07_e03,Breach,"forced amalgamation, cluster inclusion, consent bypass, voting dilution, committee overreach, or denial of participation.","Does the challenged action force a society, group, association, or member body into redevelopment, amalgamation, cluster treatment, or governance change without required consent, statutory process, or associational autonomy protection?",,,,,,,,
claim_07,Co-operative Society / Associational Autonomy,0,claim_07_e04,Harm,"loss of self-governance, forced association, voting dilution, loss of redevelopment choice, or member-right impairment.","Does the challenged action force a society, group, association, or member body into redevelopment, amalgamation, cluster treatment, or governance change without required consent, statutory process, or associational autonomy protection?",,,,,,,,
claim_10,Specific Performance of Agreement to Sell,0,claim_10_e01,Valid Contract,,Did the respondent fail to execute the sale deed despite a valid agreement and the claimant readiness and willingness to perform?,purchaser,execution of agreement or payment is admitted,,,,,,
claim_10,Specific Performance of Agreement to Sell,0,claim_10_e02,"Payment of Consideration, partial or full",,Did the respondent fail to execute the sale deed despite a valid agreement and the claimant readiness and willingness to perform?,purchaser,execution of agreement or payment is admitted,,,,,,
claim_10,Specific Performance of Agreement to Sell,0,claim_10_e03,Readiness and Willingness,,Did the respondent fail to execute the sale deed despite a valid agreement and the claimant readiness and willingness to perform?,purchaser,execution of agreement or payment is admitted,,,,,,
claim_10,Specific Performance of Agreement to Sell,0,claim_10_e04,Breach by Seller,,Did the respondent fail to execute the sale deed despite a valid agreement and the claimant readiness and willingness to perform?,purchaser,execution of agreement or payment is admitted,,,,,,
claim_10,Specific Performance of Agreement to Sell,0,claim_10_e05,Discretionary and equitable suitability of relief,,Did the respondent fail to execute the sale deed despite a valid agreement and the claimant readiness and willingness to perform?,purchaser,execution of agreement or payment is admitted,,,,,,
claim_12,Mortgage / Redemption / Foreclosure,0,claim_12_e01,Valid Mortgage,,"Is the mortgagor entitled to redeem the property upon payment, or is the mortgagee entitled to foreclose, sell, or enforce security?",depends on relief: mortgagor for redemption,,,,,,,
claim_12,Mortgage / Redemption / Foreclosure,0,claim_12_e02,Debt Subsistence or Discharge,,"Is the mortgagor entitled to redeem the property upon payment, or is the mortgagee entitled to foreclose, sell, or enforce security?",depends on relief: mortgagor for redemption,,,,,,,
claim_12,Mortgage / Redemption / Foreclosure,0,claim_12_e03,Tender or Default,,"Is the mortgagor entitled to redeem the property upon payment, or is the mortgagee entitled to foreclose, sell, or enforce security?",depends on relief: mortgagor for redemption,,,,,,,
claim_12,Mortgage / Redemption / Foreclosure,0,claim_12_e04,Right of Redemption not extinguished,,"Is the mortgagor entitled to redeem the property upon payment, or is the mortgagee entitled to foreclose, sell, or enforce security?",depends on relief: mortgagor for redemption,,,,,,,
claim_12,Mortgage / Redemption / Foreclosure,0,claim_12_e05,Limitation and accounting,,"Is the mortgagor entitled to redeem the property upon payment, or is the mortgagee entitled to foreclose, sell, or enforce security?",depends on relief: mortgagor for redemption,,,,,,,
